tissue,dist_mid,n,p_positive_raw,p_positive,ci_lo,ci_hi
blood,7,836,0.1878,0.1798,0.1628,0.2157
blood,56,219,0.1781,0.1798,0.1331,0.2342
blood,72,272,0.1875,0.1798,0.1456,0.2381
blood,94,330,0.1848,0.1798,0.1467,0.2303
blood,121,412,0.165,0.1798,0.1323,0.204
blood,156,534,0.1723,0.1798,0.1426,0.2066
blood,201,590,0.2034,0.1879,0.1729,0.2377
blood,260,650,0.1738,0.1879,0.1467,0.2049
blood,335,684,0.1959,0.1959,0.1679,0.2273
blood,432,787,0.2274,0.2274,0.1995,0.258
blood,557,954,0.261,0.261,0.2341,0.2898
blood,719,889,0.2745,0.2745,0.2461,0.3047
blood,927,935,0.2824,0.2802,0.2544,0.3121
blood,1195,892,0.278,0.2802,0.2496,0.3083
blood,1541,766,0.3159,0.3159,0.284,0.3497
blood,1986,720,0.3861,0.3861,0.3512,0.4222
blood,2560,768,0.431,0.4061,0.3964,0.4663
blood,3300,863,0.4056,0.4061,0.3733,0.4387
blood,4255,953,0.3945,0.4061,0.364,0.4259
blood,5485,1033,0.3988,0.4061,0.3694,0.429
blood,7070,1276,0.4404,0.4365,0.4134,0.4678
blood,9114,1426,0.4663,0.4365,0.4406,0.4923
blood,11750,1612,0.4175,0.4365,0.3936,0.4417
blood,15147,1801,0.427,0.4365,0.4043,0.45
blood,19526,2192,0.4603,0.449,0.4395,0.4812
blood,25171,2522,0.4651,0.449,0.4457,0.4846
blood,32447,2833,0.4843,0.449,0.4659,0.5027
blood,41827,3162,0.4614,0.449,0.4441,0.4788
blood,53919,3129,0.4468,0.449,0.4294,0.4643
blood,69506,3372,0.481,0.449,0.4642,0.4979
blood,89600,3315,0.4492,0.449,0.4323,0.4662
blood,115503,2978,0.4486,0.449,0.4308,0.4665
blood,148894,2993,0.44,0.449,0.4223,0.4579
blood,191938,2941,0.3958,0.449,0.3783,0.4136
blood,247425,2605,0.4322,0.449,0.4133,0.4514
blood,318953,2376,0.4386,0.449,0.4187,0.4586
blood,411159,2069,0.4606,0.449,0.4392,0.4821
blood,530020,879,0.4278,0.449,0.3954,0.4607
blood,683243,496,0.3952,0.449,0.3531,0.4388
blood,880762,445,0.3753,0.449,0.3315,0.4212
nasal_epithelium,7,290,0.0897,0.0801,0.0619,0.1281
nasal_epithelium,56,72,0.0417,0.0801,0.0143,0.1155
nasal_epithelium,72,65,0.1385,0.0987,0.0746,0.2427
nasal_epithelium,94,81,0.1235,0.0987,0.0685,0.2126
nasal_epithelium,121,128,0.125,0.0987,0.0784,0.1934
nasal_epithelium,156,165,0.0909,0.0987,0.0559,0.1446
nasal_epithelium,201,213,0.0751,0.0987,0.0468,0.1185
nasal_epithelium,260,201,0.1244,0.0987,0.0857,0.1772
nasal_epithelium,335,211,0.0664,0.0987,0.0399,0.1083
nasal_epithelium,432,198,0.1212,0.1212,0.0828,0.174
nasal_epithelium,557,273,0.1722,0.1263,0.132,0.2214
nasal_epithelium,719,229,0.1441,0.1263,0.1045,0.1955
nasal_epithelium,927,251,0.1633,0.1263,0.1227,0.2141
nasal_epithelium,1195,272,0.1103,0.1263,0.0784,0.1531
nasal_epithelium,1541,212,0.0802,0.1263,0.0507,0.1247
nasal_epithelium,1986,204,0.0686,0.1263,0.0413,0.1119
nasal_epithelium,2560,232,0.1853,0.1853,0.1406,0.2403
nasal_epithelium,3300,283,0.2544,0.2544,0.2072,0.3082
nasal_epithelium,4255,270,0.2741,0.2583,0.2243,0.3302
nasal_epithelium,5485,281,0.2705,0.2583,0.2219,0.3252
nasal_epithelium,7070,354,0.2571,0.2583,0.2143,0.305
nasal_epithelium,9114,330,0.2364,0.2583,0.1937,0.2851
nasal_epithelium,11750,362,0.2845,0.2845,0.2405,0.3331
nasal_epithelium,15147,353,0.3173,0.3173,0.2709,0.3676
nasal_epithelium,19526,380,0.4632,0.4394,0.4136,0.5134
nasal_epithelium,25171,437,0.4188,0.4394,0.3734,0.4655
nasal_epithelium,32447,558,0.4552,0.4552,0.4143,0.4967
nasal_epithelium,41827,570,0.5404,0.4884,0.4993,0.5809
nasal_epithelium,53919,589,0.438,0.4884,0.3985,0.4784
nasal_epithelium,69506,853,0.5053,0.4901,0.4718,0.5387
nasal_epithelium,89600,1055,0.4957,0.4901,0.4656,0.5259
nasal_epithelium,115503,1173,0.474,0.4901,0.4456,0.5026
nasal_epithelium,148894,1339,0.5034,0.5034,0.4766,0.5301
nasal_epithelium,191938,1545,0.5437,0.5437,0.5188,0.5684
nasal_epithelium,247425,1927,0.5594,0.5594,0.5372,0.5814
nasal_epithelium,318953,2186,0.5823,0.5823,0.5615,0.6029
nasal_epithelium,411159,2777,0.6024,0.5898,0.5841,0.6205
nasal_epithelium,530020,3308,0.5792,0.5898,0.5623,0.5959
nasal_epithelium,683243,4092,0.6087,0.5935,0.5937,0.6236
nasal_epithelium,880762,4742,0.5803,0.5935,0.5662,0.5943
solid_tissue,7,615,0.2569,0.2492,0.224,0.2929
solid_tissue,56,155,0.3161,0.2492,0.2481,0.393
solid_tissue,72,166,0.2892,0.2492,0.2256,0.3623
solid_tissue,94,316,0.1804,0.2492,0.1419,0.2265
solid_tissue,121,293,0.256,0.256,0.2094,0.3089
solid_tissue,156,442,0.2873,0.2611,0.2471,0.3312
solid_tissue,201,361,0.2853,0.2611,0.2412,0.334
solid_tissue,260,332,0.2651,0.2611,0.2205,0.315
solid_tissue,335,373,0.2735,0.2611,0.2307,0.3208
solid_tissue,432,446,0.2444,0.2611,0.2068,0.2863
solid_tissue,557,444,0.2635,0.2611,0.2247,0.3064
solid_tissue,719,467,0.2313,0.2611,0.1953,0.2716
solid_tissue,927,571,0.2504,0.2611,0.2166,0.2876
solid_tissue,1195,499,0.3046,0.2764,0.2658,0.3464
solid_tissue,1541,373,0.2386,0.2764,0.1982,0.2844
solid_tissue,1986,233,0.3219,0.2885,0.2652,0.3843
solid_tissue,2560,235,0.2553,0.2885,0.2038,0.3147
solid_tissue,3300,326,0.4049,0.4049,0.353,0.459
solid_tissue,4255,379,0.4142,0.4142,0.3658,0.4645
solid_tissue,5485,294,0.4252,0.4252,0.37,0.4823
solid_tissue,7070,359,0.4875,0.4665,0.4362,0.539
solid_tissue,9114,350,0.4857,0.4665,0.4338,0.5379
solid_tissue,11750,414,0.4541,0.4665,0.4068,0.5023
solid_tissue,15147,522,0.4674,0.4665,0.425,0.5103
solid_tissue,19526,473,0.4461,0.4665,0.4019,0.4911
solid_tissue,25171,556,0.5216,0.4979,0.4801,0.5628
solid_tissue,32447,410,0.4659,0.4979,0.4181,0.5142
solid_tissue,41827,555,0.5297,0.5297,0.4881,0.5709
solid_tissue,53919,534,0.5618,0.5467,0.5194,0.6033
solid_tissue,69506,558,0.5323,0.5467,0.4908,0.5733
solid_tissue,89600,358,0.5978,0.568,0.5462,0.6473
solid_tissue,115503,434,0.5991,0.568,0.5523,0.6441
solid_tissue,148894,316,0.5222,0.568,0.4671,0.5766
solid_tissue,191938,230,0.5261,0.568,0.4617,0.5897
solid_tissue,247425,205,0.6829,0.6369,0.6164,0.7428
solid_tissue,318953,163,0.6012,0.6369,0.5246,0.6732
solid_tissue,411159,147,0.6122,0.6369,0.5316,0.6872
solid_tissue,530020,122,0.6967,0.6967,0.6102,0.7713
solid_tissue,683243,111,0.7477,0.7477,0.6596,0.8193
solid_tissue,880762,122,0.8607,0.8607,0.7881,0.9111
